word,Concreteness,SemanticDiversity,BodyInvolvement,anger,anticipation,disgust,fear,joy,negative,positive,sadness,surprise,trust,EmotionScore,CompositeAbstractnessScore, CalculatedAbstractness, CalculatedPerformanceRation
slowly,3.1,1.7540132969954962,2.9263157896000003,0,0,0,0,0,0,0,0,0,0,0,6.0263157896,0.32,1.55
quickly,2.36,2.0512892875688773,3.0200000000000005,0,0,0,0,0,0,0,0,0,0,0,5.38,0.38,1.28
violently,1.9,1.635373659682525,2.3684210524,1,0,1,1,0,1,0,1,0,0,5,1.7684210524,0.70,1.65
grudgingly,1.63,1.747452295573816,1.2444444444,0,0,0,0,0,1,0,0,0,0,1,2.3744444444,0.37,1.32 
cautiously,2.63,1.6798194122134198,2.2761904758000004,0,0,0,1,0,0,1,0,0,0,2,3.9061904758,0.44,1.63
powerfully,2.77,1.8975924968567464,2.0100000000000002,0,0,0,1,0,0,1,0,0,0,2,3.78,0.42,1.56
happily,1.96,1.9165351030787128,1.3111111112,0,0,0,0,1,0,1,0,0,0,2,2.2711111112,0.42,1.06
